{
  "albert_meyers.zip": {
    "sha1": "273fc5b89a3f053f9230b3654c7a38df2bba7594",
    "name": "albert_meyers.zip",
    "url": "https://s3.amazonaws.com/edrm.download.nuix.com/RevisedEDRMv1/albert_meyers.zip",
    "webindex_txt": "File 1",
    "webindex": 1
  },
  "andrea_ring.zip": {
    "sha1": "dc748b99de294a72c76f92d83c24bba3c2287827",
    "name": "andrea_ring.zip",
    "url": "https://s3.amazonaws.com/edrm.download.nuix.com/RevisedEDRMv1/andrea_ring.zip",
    "webindex_txt": "File 2",
    "webindex": 2
  },
  "andrew_lewis.zip": {
    "sha1": "44bd66aebd303de9fedc9aa3660062dcb3776cad",
    "name": "andrew_lewis.zip",
    "url": "https://s3.amazonaws.com/edrm.download.nuix.com/RevisedEDRMv1/andrew_lewis.zip",
    "webindex_txt": "File 3",
    "webindex": 3
  },
  "andy_zipper.zip": {
    "sha1": "d0ad164aa413ab6b400769907fe4b39eb4d42166",
    "name": "andy_zipper.zip",
    "url": "https://s3.amazonaws.com/edrm.download.nuix.com/RevisedEDRMv1/andy_zipper.zip",
    "webindex_txt": "File 4",
    "webindex": 4
  },
  "barry_tycholiz.zip": {
    "sha1": "09d836965a2e55abc3981bd1bde6c5b168b2bf3a",
    "name": "barry_tycholiz.zip",
    "url": "https://s3.amazonaws.com/edrm.download.nuix.com/RevisedEDRMv1/barry_tycholiz.zip",
    "webindex_txt": "File 5",
    "webindex": 5
  },
  "benjamin_rogers.zip": {
    "sha1": "4b9c524248e208300b200eb1af1957678635b6a4",
    "name": "benjamin_rogers.zip",
    "url": "https://s3.amazonaws.com/edrm.download.nuix.com/RevisedEDRMv1/benjamin_rogers.zip",
    "webindex_txt": "File 6",
    "webindex": 6
  },
  "bill_rapp.zip": {
    "sha1": "64cf69b95958d4764d235a5a224fa55cc024659b",
    "name": "bill_rapp.zip",
    "url": "https://s3.amazonaws.com/edrm.download.nuix.com/RevisedEDRMv1/bill_rapp.zip",
    "webindex_txt": "File 7",
    "webindex": 7
  },
  "bill_williams_iii.zip": {
    "sha1": "807757a22c965836965d939703f41d408105aaad",
    "name": "bill_williams_iii.zip",
    "url": "https://s3.amazonaws.com/edrm.download.nuix.com/RevisedEDRMv1/bill_williams_iii.zip",
    "webindex_txt": "File 8",
    "webindex": 8
  },
  "brad_mckay.zip": {
    "sha1": "914a579b18494b65528301db5e2f54bcc22ae009",
    "name": "brad_mckay.zip",
    "url": "https://s3.amazonaws.com/edrm.download.nuix.com/RevisedEDRMv1/brad_mckay.zip",
    "webindex_txt": "File 9",
    "webindex": 9
  },
  "cara_semperger.zip": {
    "sha1": "f3a4c8b641ae22e2d59fa584e729fbb6ae2268e5",
    "name": "cara_semperger.zip",
    "url": "https://s3.amazonaws.com/edrm.download.nuix.com/RevisedEDRMv1/cara_semperger.zip",
    "webindex_txt": "File 10",
    "webindex": 10
  },
  "carol_st_clair.zip": {
    "sha1": "a365e6ffa5942a2a4de6611ffe8c16f7318518e9",
    "name": "carol_st_clair.zip",
    "url": "https://s3.amazonaws.com/edrm.download.nuix.com/RevisedEDRMv1/carol_st_clair.zip",
    "webindex_txt": "File 11",
    "webindex": 11
  },
  "chris_dorland.zip": {
    "sha1": "0c5044ac1a8a9fcffaff401fc5908bd71f24b64f",
    "name": "chris_dorland.zip",
    "url": "https://s3.amazonaws.com/edrm.download.nuix.com/RevisedEDRMv1/chris_dorland.zip",
    "webindex_txt": "File 12",
    "webindex": 12
  },
  "chris_germany.zip": {
    "sha1": "9a1ceb5e4d82066155e19a4bdcd8f02167389877",
    "name": "chris_germany.zip",
    "url": "https://s3.amazonaws.com/edrm.download.nuix.com/RevisedEDRMv1/chris_germany.zip",
    "webindex_txt": "File 13",
    "webindex": 13
  },
  "chris_stokley.zip": {
    "sha1": "044a683117d68b276a4e36f99ba1d53cba7c4756",
    "name": "chris_stokley.zip",
    "url": "https://s3.amazonaws.com/edrm.download.nuix.com/RevisedEDRMv1/chris_stokley.zip",
    "webindex_txt": "File 14",
    "webindex": 14
  },
  "cooper_richey.zip": {
    "sha1": "26a0155c0ae3f0926214ff32a68fa3e4cc0c6118",
    "name": "cooper_richey.zip",
    "url": "https://s3.amazonaws.com/edrm.download.nuix.com/RevisedEDRMv1/cooper_richey.zip",
    "webindex_txt": "File 15",
    "webindex": 15
  },
  "craig_dean.zip": {
    "sha1": "834e035946041994f84db999f3717acdef2cfab9",
    "name": "craig_dean.zip",
    "url": "https://s3.amazonaws.com/edrm.download.nuix.com/RevisedEDRMv1/craig_dean.zip",
    "webindex_txt": "File 16",
    "webindex": 16
  },
  "dan_hyvl.zip": {
    "sha1": "23822969dd695bad066f07858c19d29edb817bd9",
    "name": "dan_hyvl.zip",
    "url": "https://s3.amazonaws.com/edrm.download.nuix.com/RevisedEDRMv1/dan_hyvl.zip",
    "webindex_txt": "File 19",
    "webindex": 19
  },
  "dana_davis.zip": {
    "sha1": "5820fddf12d7206629cd2b082e0e91dd4c63d741",
    "name": "dana_davis.zip",
    "url": "https://s3.amazonaws.com/edrm.download.nuix.com/RevisedEDRMv1/dana_davis.zip",
    "webindex_txt": "File 17",
    "webindex": 17
  },
  "danny_mccarty.zip": {
    "sha1": "6ab841a3883f13eaa470a40aa5cf8f01156f1242",
    "name": "danny_mccarty.zip",
    "url": "https://s3.amazonaws.com/edrm.download.nuix.com/RevisedEDRMv1/danny_mccarty.zip",
    "webindex_txt": "File 18",
    "webindex": 18
  },
  "daren_farmer.zip": {
    "sha1": "5be604360e9ca9870e867cd79a0eddce10679fe0",
    "name": "daren_farmer.zip",
    "url": "https://s3.amazonaws.com/edrm.download.nuix.com/RevisedEDRMv1/daren_farmer.zip",
    "webindex_txt": "File 20",
    "webindex": 20
  },
  "darrell_schoolcraft.zip": {
    "sha1": "b77bfeebc8e4d48ad7a1a74660446c1e83aaeccd",
    "name": "darrell_schoolcraft.zip",
    "url": "https://s3.amazonaws.com/edrm.download.nuix.com/RevisedEDRMv1/darrell_schoolcraft.zip",
    "webindex_txt": "File 21",
    "webindex": 21
  },
  "darron_c_giron.zip": {
    "sha1": "08e91e3c0a8fd19a5f36cfa12065a8159b404146",
    "name": "darron_c_giron.zip",
    "url": "https://s3.amazonaws.com/edrm.download.nuix.com/RevisedEDRMv1/darron_c_giron.zip",
    "webindex_txt": "File 22",
    "webindex": 22
  },
  "david_delainey.zip": {
    "sha1": "0bfeb5e147e8ede165372bf1e1f0143d884d374c",
    "name": "david_delainey.zip",
    "url": "https://s3.amazonaws.com/edrm.download.nuix.com/RevisedEDRMv1/david_delainey.zip",
    "webindex_txt": "File 23",
    "webindex": 23
  },
  "debra_perlingiere.zip": {
    "sha1": "a7b01d41d11d3de533b45da9ac944add6d9b96d9",
    "name": "debra_perlingiere.zip",
    "url": "https://s3.amazonaws.com/edrm.download.nuix.com/RevisedEDRMv1/debra_perlingiere.zip",
    "webindex_txt": "File 24",
    "webindex": 24
  },
  "diana_scholtes.zip": {
    "sha1": "a48ac7c894a73cd372a4884168a0e89468b2d986",
    "name": "diana_scholtes.zip",
    "url": "https://s3.amazonaws.com/edrm.download.nuix.com/RevisedEDRMv1/diana_scholtes.zip",
    "webindex_txt": "File 25",
    "webindex": 25
  },
  "don_baughman.zip": {
    "sha1": "eebf396ad3c97e941424d8d7221cdc6edf1e6765",
    "name": "don_baughman.zip",
    "url": "https://s3.amazonaws.com/edrm.download.nuix.com/RevisedEDRMv1/don_baughman.zip",
    "webindex_txt": "File 26",
    "webindex": 26
  },
  "drew_fossum.zip": {
    "sha1": "0542acde2fac9150c93780226e5234cfdf3e1b1d",
    "name": "drew_fossum.zip",
    "url": "https://s3.amazonaws.com/edrm.download.nuix.com/RevisedEDRMv1/drew_fossum.zip",
    "webindex_txt": "File 27",
    "webindex": 27
  },
  "dutch_quigley.zip": {
    "sha1": "894812d4f328d0e00f27db2d4b69d708079d633c",
    "name": "dutch_quigley.zip",
    "url": "https://s3.amazonaws.com/edrm.download.nuix.com/RevisedEDRMv1/dutch_quigley.zip",
    "webindex_txt": "File 28",
    "webindex": 28
  },
  "elizabeth_sager.zip": {
    "sha1": "a4730d604d2a249734f4b7a51b7654f165fdae5a",
    "name": "elizabeth_sager.zip",
    "url": "https://s3.amazonaws.com/edrm.download.nuix.com/RevisedEDRMv1/elizabeth_sager.zip",
    "webindex_txt": "File 29",
    "webindex": 29
  },
  "eric_linder.zip": {
    "sha1": "8e67408204b379fdbe72d262b41e6debf99823f1",
    "name": "eric_linder.zip",
    "url": "https://s3.amazonaws.com/edrm.download.nuix.com/RevisedEDRMv1/eric_linder.zip",
    "webindex_txt": "File 30",
    "webindex": 30
  },
  "eric_saibi.zip": {
    "sha1": "da3870d977a02dcbdff2f46165a0b9a0e1018955",
    "name": "eric_saibi.zip",
    "url": "https://s3.amazonaws.com/edrm.download.nuix.com/RevisedEDRMv1/eric_saibi.zip",
    "webindex_txt": "File 31",
    "webindex": 31
  },
  "errol_mclaughlin_jr.zip": {
    "sha1": "4dba9e731aee761d5225f1ebfde8939b921c0dce",
    "name": "errol_mclaughlin_jr.zip",
    "url": "https://s3.amazonaws.com/edrm.download.nuix.com/RevisedEDRMv1/errol_mclaughlin_jr.zip",
    "webindex_txt": "File 32",
    "webindex": 32
  },
  "fletcher_sturm.zip": {
    "sha1": "7a8f8fae5351a457553c6a3fba29d98cd7e2d122",
    "name": "fletcher_sturm.zip",
    "url": "https://s3.amazonaws.com/edrm.download.nuix.com/RevisedEDRMv1/fletcher_sturm.zip",
    "webindex_txt": "File 33",
    "webindex": 33
  },
  "frank_ermis.zip": {
    "sha1": "d30692252c337f2dd61707c5fd27f85204749c9e",
    "name": "frank_ermis.zip",
    "url": "https://s3.amazonaws.com/edrm.download.nuix.com/RevisedEDRMv1/frank_ermis.zip",
    "webindex_txt": "File 34",
    "webindex": 34
  },
  "geir_solberg.zip": {
    "sha1": "fb0323c90f74eef318c2b2233eae750d0902aefb",
    "name": "geir_solberg.zip",
    "url": "https://s3.amazonaws.com/edrm.download.nuix.com/RevisedEDRMv1/geir_solberg.zip",
    "webindex_txt": "File 35",
    "webindex": 35
  },
  "gerald_nemec.zip": {
    "sha1": "822f8d0ad14db3bb49de905f6092cd21f2cd9ce9",
    "name": "gerald_nemec.zip",
    "url": "https://s3.amazonaws.com/edrm.download.nuix.com/RevisedEDRMv1/gerald_nemec.zip",
    "webindex_txt": "File 36",
    "webindex": 36
  },
  "gstorey.zip": {
    "sha1": "3b1b149c1462e4ae19a6c6166a99a51d592e2419",
    "name": "gstorey.zip",
    "url": "https://s3.amazonaws.com/edrm.download.nuix.com/RevisedEDRMv1/gstorey.zip",
    "webindex_txt": "File 37",
    "webindex": 37
  },
  "harry_arora.zip": {
    "sha1": "1c592fe24dcaeffea9702d5dbe565c28c355195a",
    "name": "harry_arora.zip",
    "url": "https://s3.amazonaws.com/edrm.download.nuix.com/RevisedEDRMv1/harry_arora.zip",
    "webindex_txt": "File 38",
    "webindex": 38
  },
  "holden_salisbury.zip": {
    "sha1": "d659c6f940f2e1bbdbf2ab1840058cfa225d0ae5",
    "name": "holden_salisbury.zip",
    "url": "https://s3.amazonaws.com/edrm.download.nuix.com/RevisedEDRMv1/holden_salisbury.zip",
    "webindex_txt": "File 39",
    "webindex": 39
  },
  "hunter_shively.zip": {
    "sha1": "f4f06b69fd8210ad1c2f9105af0fc5f67da447e1",
    "name": "hunter_shively.zip",
    "url": "https://s3.amazonaws.com/edrm.download.nuix.com/RevisedEDRMv1/hunter_shively.zip",
    "webindex_txt": "File 40",
    "webindex": 40
  },
  "james_derrick.zip": {
    "sha1": "019e6a067acfbd0f2cec9ddf873068d42e2b2d4a",
    "name": "james_derrick.zip",
    "url": "https://s3.amazonaws.com/edrm.download.nuix.com/RevisedEDRMv1/james_derrick.zip",
    "webindex_txt": "File 41",
    "webindex": 41
  },
  "james_steffes.zip": {
    "sha1": "30b63bad9e7362f0797431696dbd2dc456498c1f",
    "name": "james_steffes.zip",
    "url": "https://s3.amazonaws.com/edrm.download.nuix.com/RevisedEDRMv1/james_steffes.zip",
    "webindex_txt": "File 42",
    "webindex": 42
  },
  "jane_tholt.zip": {
    "sha1": "7065cde773b1b932623039d708a87b9bcdf1e29c",
    "name": "jane_tholt.zip",
    "url": "https://s3.amazonaws.com/edrm.download.nuix.com/RevisedEDRMv1/jane_tholt.zip",
    "webindex_txt": "File 43",
    "webindex": 43
  },
  "jason_wolfe.zip": {
    "sha1": "ee3d4aa5151664f9c86327cb6e95fc39c81c9348",
    "name": "jason_wolfe.zip",
    "url": "https://s3.amazonaws.com/edrm.download.nuix.com/RevisedEDRMv1/jason_wolfe.zip",
    "webindex_txt": "File 44",
    "webindex": 44
  },
  "jay_reitmeyer.zip": {
    "sha1": "05fe7c9328291d001c0698bb8360956db3708ade",
    "name": "jay_reitmeyer.zip",
    "url": "https://s3.amazonaws.com/edrm.download.nuix.com/RevisedEDRMv1/jay_reitmeyer.zip",
    "webindex_txt": "File 45",
    "webindex": 45
  },
  "jeff_dasovich.zip": {
    "sha1": "e0ecfaa8719624d038522b5f2c6f11c6d279a66a",
    "name": "jeff_dasovich.zip",
    "url": "https://s3.amazonaws.com/edrm.download.nuix.com/RevisedEDRMv1/jeff_dasovich.zip",
    "webindex_txt": "File 47",
    "webindex": 47
  },
  "jeff_king.zip": {
    "sha1": "a4359c02172bfbe4c463397d6aa360b35e96e964",
    "name": "jeff_king.zip",
    "url": "https://s3.amazonaws.com/edrm.download.nuix.com/RevisedEDRMv1/jeff_king.zip",
    "webindex_txt": "File 48",
    "webindex": 48
  },
  "jeffrey_a_shankman.zip": {
    "sha1": "d0d54e7bd83de4ff1f9e6ae058231cabbf3a6b43",
    "name": "jeffrey_a_shankman.zip",
    "url": "https://s3.amazonaws.com/edrm.download.nuix.com/RevisedEDRMv1/jeffrey_a_shankman.zip",
    "webindex_txt": "File 46",
    "webindex": 46
  },
  "jim_schwieger.zip": {
    "sha1": "4ce0d1410c9f88877bc52999671f20cf4f78f85a",
    "name": "jim_schwieger.zip",
    "url": "https://s3.amazonaws.com/edrm.download.nuix.com/RevisedEDRMv1/jim_schwieger.zip",
    "webindex_txt": "File 49",
    "webindex": 49
  },
  "joe_parks.zip": {
    "sha1": "1f9b43d522157b8a155b809c5cd61d64f5f1cd4c",
    "name": "joe_parks.zip",
    "url": "https://s3.amazonaws.com/edrm.download.nuix.com/RevisedEDRMv1/joe_parks.zip",
    "webindex_txt": "File 50",
    "webindex": 50
  },
  "joe_quenet.zip": {
    "sha1": "e2d7d8de6c1d0089e951b7461139ef70f2114a5b",
    "name": "joe_quenet.zip",
    "url": "https://s3.amazonaws.com/edrm.download.nuix.com/RevisedEDRMv1/joe_quenet.zip",
    "webindex_txt": "File 51",
    "webindex": 51
  },
  "joe_stepenovitch.zip": {
    "sha1": "7cc4ca3fdc1b719cf239c4ab8b62815a05e9efdc",
    "name": "joe_stepenovitch.zip",
    "url": "https://s3.amazonaws.com/edrm.download.nuix.com/RevisedEDRMv1/joe_stepenovitch.zip",
    "webindex_txt": "File 52",
    "webindex": 52
  },
  "john_arnold.zip": {
    "sha1": "0056a4865eac5618f696e6d7f79593b6d44b0013",
    "name": "john_arnold.zip",
    "url": "https://s3.amazonaws.com/edrm.download.nuix.com/RevisedEDRMv1/john_arnold.zip",
    "webindex_txt": "File 53",
    "webindex": 53
  },
  "john_forney.zip": {
    "sha1": "695b302ea9c28fa8695eea8511bed0edec954436",
    "name": "john_forney.zip",
    "url": "https://s3.amazonaws.com/edrm.download.nuix.com/RevisedEDRMv1/john_forney.zip",
    "webindex_txt": "File 54",
    "webindex": 54
  },
  "john_griffith.zip": {
    "sha1": "6069bc2bef199eea26b19ddc99a0f371a4ebda32",
    "name": "john_griffith.zip",
    "url": "https://s3.amazonaws.com/edrm.download.nuix.com/RevisedEDRMv1/john_griffith.zip",
    "webindex_txt": "File 55",
    "webindex": 55
  },
  "john_hodge.zip": {
    "sha1": "347c179d001513f0895677aa54f16004f9c0cbad",
    "name": "john_hodge.zip",
    "url": "https://s3.amazonaws.com/edrm.download.nuix.com/RevisedEDRMv1/john_hodge.zip",
    "webindex_txt": "File 56",
    "webindex": 56
  },
  "john_lavorato.zip": {
    "sha1": "28663b047f8eecaf2f4f357078ab97a77841702f",
    "name": "john_lavorato.zip",
    "url": "https://s3.amazonaws.com/edrm.download.nuix.com/RevisedEDRMv1/john_lavorato.zip",
    "webindex_txt": "File 57",
    "webindex": 57
  },
  "john_zufferli.zip": {
    "sha1": "cb85c5d11fc982d17b1dcf15d1fac24b5ce47f9f",
    "name": "john_zufferli.zip",
    "url": "https://s3.amazonaws.com/edrm.download.nuix.com/RevisedEDRMv1/john_zufferli.zip",
    "webindex_txt": "File 58",
    "webindex": 58
  },
  "jonathan_mckay.zip": {
    "sha1": "e159016f2c4ef726851068b0ec10f4fa2c373281",
    "name": "jonathan_mckay.zip",
    "url": "https://s3.amazonaws.com/edrm.download.nuix.com/RevisedEDRMv1/jonathan_mckay.zip",
    "webindex_txt": "File 59",
    "webindex": 59
  },
  "juan_hernandez.zip": {
    "sha1": "be48b55201a05fc35215bae614721a383a224ac2",
    "name": "juan_hernandez.zip",
    "url": "https://s3.amazonaws.com/edrm.download.nuix.com/RevisedEDRMv1/juan_hernandez.zip",
    "webindex_txt": "File 60",
    "webindex": 60
  },
  "judy_townsend.zip": {
    "sha1": "81a815dde60380daad992fa8984bf7d0c629af47",
    "name": "judy_townsend.zip",
    "url": "https://s3.amazonaws.com/edrm.download.nuix.com/RevisedEDRMv1/judy_townsend.zip",
    "webindex_txt": "File 61",
    "webindex": 61
  },
  "kam_keiser.zip": {
    "sha1": "6c57250caf74a457a326bf94873588439e510b9f",
    "name": "kam_keiser.zip",
    "url": "https://s3.amazonaws.com/edrm.download.nuix.com/RevisedEDRMv1/kam_keiser.zip",
    "webindex_txt": "File 62",
    "webindex": 62
  },
  "kate_symes.zip": {
    "sha1": "785df911f831c71b36b766dae964394e86e54030",
    "name": "kate_symes.zip",
    "url": "https://s3.amazonaws.com/edrm.download.nuix.com/RevisedEDRMv1/kate_symes.zip",
    "webindex_txt": "File 63",
    "webindex": 63
  },
  "kay_mann.zip": {
    "sha1": "15ad53690366ec5846fefdf55967a0e1e9f76fd3",
    "name": "kay_mann.zip",
    "url": "https://s3.amazonaws.com/edrm.download.nuix.com/RevisedEDRMv1/kay_mann.zip",
    "webindex_txt": "File 64",
    "webindex": 64
  },
  "keith_holst.zip": {
    "sha1": "7b57161ec5b5e64777f475ca63761882df7c5ea3",
    "name": "keith_holst.zip",
    "url": "https://s3.amazonaws.com/edrm.download.nuix.com/RevisedEDRMv1/keith_holst.zip",
    "webindex_txt": "File 65",
    "webindex": 65
  },
  "kenneth_lay.zip": {
    "sha1": "32565e2863215a8c315ddcf1c969f666e6d315c6",
    "name": "kenneth_lay.zip",
    "url": "https://s3.amazonaws.com/edrm.download.nuix.com/RevisedEDRMv1/kenneth_lay.zip",
    "webindex_txt": "File 66",
    "webindex": 66
  },
  "kevin_hyatt.zip": {
    "sha1": "fd2346783ec6783dac496c2e8503d820b4d470fc",
    "name": "kevin_hyatt.zip",
    "url": "https://s3.amazonaws.com/edrm.download.nuix.com/RevisedEDRMv1/kevin_hyatt.zip",
    "webindex_txt": "File 67",
    "webindex": 67
  },
  "kevin_presto.zip": {
    "sha1": "1f6c4205f9198985c6cd8ebc1c109b78c29da02a",
    "name": "kevin_presto.zip",
    "url": "https://s3.amazonaws.com/edrm.download.nuix.com/RevisedEDRMv1/kevin_presto.zip",
    "webindex_txt": "File 68",
    "webindex": 68
  },
  "kevin_ruscitti.zip": {
    "sha1": "3287097195a70266bf67822cd382637cdc66b5d0",
    "name": "kevin_ruscitti.zip",
    "url": "https://s3.amazonaws.com/edrm.download.nuix.com/RevisedEDRMv1/kevin_ruscitti.zip",
    "webindex_txt": "File 69",
    "webindex": 69
  },
  "kim_ward.zip": {
    "sha1": "2463c92b2bc0782a130e643ef706d912de7ebec1",
    "name": "kim_ward.zip",
    "url": "https://s3.amazonaws.com/edrm.download.nuix.com/RevisedEDRMv1/kim_ward.zip",
    "webindex_txt": "File 71",
    "webindex": 71
  },
  "kimberly_watson.zip": {
    "sha1": "28312e95752527b27a12ee4e0605e7a06f36f622",
    "name": "kimberly_watson.zip",
    "url": "https://s3.amazonaws.com/edrm.download.nuix.com/RevisedEDRMv1/kimberly_watson.zip",
    "webindex_txt": "File 70",
    "webindex": 70
  },
  "larry_campbell.zip": {
    "sha1": "e08e60e9151466da034e9b35c59e05de5ef9d555",
    "name": "larry_campbell.zip",
    "url": "https://s3.amazonaws.com/edrm.download.nuix.com/RevisedEDRMv1/larry_campbell.zip",
    "webindex_txt": "File 72",
    "webindex": 72
  },
  "larry_may.zip": {
    "sha1": "40ee1b6ffd5fb25918727ab5b13f398cd07534f2",
    "name": "larry_may.zip",
    "url": "https://s3.amazonaws.com/edrm.download.nuix.com/RevisedEDRMv1/larry_may.zip",
    "webindex_txt": "File 73",
    "webindex": 73
  },
  "lindy_donoho.zip": {
    "sha1": "867d730e823b17b3297d006061ac1272b0bd8751",
    "name": "lindy_donoho.zip",
    "url": "https://s3.amazonaws.com/edrm.download.nuix.com/RevisedEDRMv1/lindy_donoho.zip",
    "webindex_txt": "File 74",
    "webindex": 74
  },
  "lisa_gang.zip": {
    "sha1": "c7e0347332c4566b8350c4163c5527e0198fc2ca",
    "name": "lisa_gang.zip",
    "url": "https://s3.amazonaws.com/edrm.download.nuix.com/RevisedEDRMv1/lisa_gang.zip",
    "webindex_txt": "File 75",
    "webindex": 75
  },
  "louise_kitchen.zip": {
    "sha1": "409046ea351264a3d6a93ce3a311888ae19c985d",
    "name": "louise_kitchen.zip",
    "url": "https://s3.amazonaws.com/edrm.download.nuix.com/RevisedEDRMv1/louise_kitchen.zip",
    "webindex_txt": "File 76",
    "webindex": 76
  },
  "lynn_blair.zip": {
    "sha1": "41efb181df40497ada4c231e1515fe7d75572a73",
    "name": "lynn_blair.zip",
    "url": "https://s3.amazonaws.com/edrm.download.nuix.com/RevisedEDRMv1/lynn_blair.zip",
    "webindex_txt": "File 77",
    "webindex": 77
  },
  "marie_heard.zip": {
    "sha1": "dffaac6420fcc0612f433942d5d3fef71dde7069",
    "name": "marie_heard.zip",
    "url": "https://s3.amazonaws.com/edrm.download.nuix.com/RevisedEDRMv1/marie_heard.zip",
    "webindex_txt": "File 78",
    "webindex": 78
  },
  "mark_guzman.zip": {
    "sha1": "8cc824ad56349d00f7dc78d0f593a93d374bcf7d",
    "name": "mark_guzman.zip",
    "url": "https://s3.amazonaws.com/edrm.download.nuix.com/RevisedEDRMv1/mark_guzman.zip",
    "webindex_txt": "File 79",
    "webindex": 79
  },
  "mark_haedicke.zip": {
    "sha1": "b77d2432cdaafaeacae1d43643e2880c0ca4dd68",
    "name": "mark_haedicke.zip",
    "url": "https://s3.amazonaws.com/edrm.download.nuix.com/RevisedEDRMv1/mark_haedicke.zip",
    "webindex_txt": "File 80",
    "webindex": 80
  },
  "mark_taylor.zip": {
    "sha1": "c7e19d5c7aa5e3111545318866685962e32be669",
    "name": "mark_taylor.zip",
    "url": "https://s3.amazonaws.com/edrm.download.nuix.com/RevisedEDRMv1/mark_taylor.zip",
    "webindex_txt": "File 81",
    "webindex": 81
  },
  "mark_whitt.zip": {
    "sha1": "a087c899fa24f1a0d5c0828d577f1864c7d2ec01",
    "name": "mark_whitt.zip",
    "url": "https://s3.amazonaws.com/edrm.download.nuix.com/RevisedEDRMv1/mark_whitt.zip",
    "webindex_txt": "File 82",
    "webindex": 82
  },
  "martin_cuilla.zip": {
    "sha1": "05b6aff7ec26019689de4ae3144a28d72d622a09",
    "name": "martin_cuilla.zip",
    "url": "https://s3.amazonaws.com/edrm.download.nuix.com/RevisedEDRMv1/martin_cuilla.zip",
    "webindex_txt": "File 83",
    "webindex": 83
  },
  "mary_fischer.zip": {
    "sha1": "3008cb1dcfe84541b1af6be3daabe1436fa4c443",
    "name": "mary_fischer.zip",
    "url": "https://s3.amazonaws.com/edrm.download.nuix.com/RevisedEDRMv1/mary_fischer.zip",
    "webindex_txt": "File 84",
    "webindex": 84
  },
  "mary_hain.zip": {
    "sha1": "be886c50768da68a3868ae11a8cba0dd717d8470",
    "name": "mary_hain.zip",
    "url": "https://s3.amazonaws.com/edrm.download.nuix.com/RevisedEDRMv1/mary_hain.zip",
    "webindex_txt": "File 85",
    "webindex": 85
  },
  "matt_motley.zip": {
    "sha1": "806f2980e965d152f96b99f2cfb6fc18876a933b",
    "name": "matt_motley.zip",
    "url": "https://s3.amazonaws.com/edrm.download.nuix.com/RevisedEDRMv1/matt_motley.zip",
    "webindex_txt": "File 87",
    "webindex": 87
  },
  "matthew_lenhart.zip": {
    "sha1": "6e6e86fd30e4d1d2a49308f2e0d30626fd441602",
    "name": "matthew_lenhart.zip",
    "url": "https://s3.amazonaws.com/edrm.download.nuix.com/RevisedEDRMv1/matthew_lenhart.zip",
    "webindex_txt": "File 86",
    "webindex": 86
  },
  "michael_maggi.zip": {
    "sha1": "922a49ad5c963eeac26191966a36fab5062b5018",
    "name": "michael_maggi.zip",
    "url": "https://s3.amazonaws.com/edrm.download.nuix.com/RevisedEDRMv1/michael_maggi.zip",
    "webindex_txt": "File 88",
    "webindex": 88
  },
  "michelle_cash.zip": {
    "sha1": "3a0d86e73b884d9763ec6906e49a3ead70d20807",
    "name": "michelle_cash.zip",
    "url": "https://s3.amazonaws.com/edrm.download.nuix.com/RevisedEDRMv1/michelle_cash.zip",
    "webindex_txt": "File 89",
    "webindex": 89
  },
  "michelle_lokay.zip": {
    "sha1": "219812cb9f20f7c9d9c531eeca282bdd02958fbb",
    "name": "michelle_lokay.zip",
    "url": "https://s3.amazonaws.com/edrm.download.nuix.com/RevisedEDRMv1/michelle_lokay.zip",
    "webindex_txt": "File 90",
    "webindex": 90
  },
  "mike_carson.zip": {
    "sha1": "78b2bca11c1117b5a674c500b4ec4003ab932f26",
    "name": "mike_carson.zip",
    "url": "https://s3.amazonaws.com/edrm.download.nuix.com/RevisedEDRMv1/mike_carson.zip",
    "webindex_txt": "File 91",
    "webindex": 91
  },
  "mike_grigsby.zip": {
    "sha1": "87ec958193de280fa2f257afd9f131c06067c1a3",
    "name": "mike_grigsby.zip",
    "url": "https://s3.amazonaws.com/edrm.download.nuix.com/RevisedEDRMv1/mike_grigsby.zip",
    "webindex_txt": "File 92",
    "webindex": 92
  },
  "mike_swerzbin.zip": {
    "sha1": "f000faa3654eec158904215b8f676733c4138fdd",
    "name": "mike_swerzbin.zip",
    "url": "https://s3.amazonaws.com/edrm.download.nuix.com/RevisedEDRMv1/mike_swerzbin.zip",
    "webindex_txt": "File 93",
    "webindex": 93
  },
  "monika_causholli.zip": {
    "sha1": "2adc0e0d77fc12567056a40f90e544f71872a815",
    "name": "monika_causholli.zip",
    "url": "https://s3.amazonaws.com/edrm.download.nuix.com/RevisedEDRMv1/monika_causholli.zip",
    "webindex_txt": "File 94",
    "webindex": 94
  },
  "monique_sanchez.zip": {
    "sha1": "687fbf60d6312ff3b7575f137c1826ebf93a5223",
    "name": "monique_sanchez.zip",
    "url": "https://s3.amazonaws.com/edrm.download.nuix.com/RevisedEDRMv1/monique_sanchez.zip",
    "webindex_txt": "File 95",
    "webindex": 95
  },
  "paul_lucci.zip": {
    "sha1": "57154f6bc9d857367218d0cafda9ecfa75753ab8",
    "name": "paul_lucci.zip",
    "url": "https://s3.amazonaws.com/edrm.download.nuix.com/RevisedEDRMv1/paul_lucci.zip",
    "webindex_txt": "File 96",
    "webindex": 96
  },
  "paul_y'barbo.zip": {
    "sha1": "d0cccdf794242b3e1748e66a660f82563cc13156",
    "name": "paul_y'barbo.zip",
    "url": "https://s3.amazonaws.com/edrm.download.nuix.com/RevisedEDRMv1/paul_y'barbo.zip",
    "webindex_txt": "File 97",
    "webindex": 97
  },
  "peter_keavey.zip": {
    "sha1": "8dc84e882c09fd2de1e02000b28a2ab0d4d87519",
    "name": "peter_keavey.zip",
    "url": "https://s3.amazonaws.com/edrm.download.nuix.com/RevisedEDRMv1/peter_keavey.zip",
    "webindex_txt": "File 98",
    "webindex": 98
  },
  "phillip_allen.zip": {
    "sha1": "ccf08e482fa543261bc7818c86c44ca3255ed0dc",
    "name": "phillip_allen.zip",
    "url": "https://s3.amazonaws.com/edrm.download.nuix.com/RevisedEDRMv1/phillip_allen.zip",
    "webindex_txt": "File 99",
    "webindex": 99
  },
  "phillip_m_love.zip": {
    "sha1": "5a86fcba9e39882707d39acea4652731875fcb23",
    "name": "phillip_m_love.zip",
    "url": "https://s3.amazonaws.com/edrm.download.nuix.com/RevisedEDRMv1/phillip_m_love.zip",
    "webindex_txt": "File 100",
    "webindex": 100
  },
  "phillip_platter.zip": {
    "sha1": "4e721512146e1ec2407e569faecdf9d2a8d62a1c",
    "name": "phillip_platter.zip",
    "url": "https://s3.amazonaws.com/edrm.download.nuix.com/RevisedEDRMv1/phillip_platter.zip",
    "webindex_txt": "File 101",
    "webindex": 101
  },
  "randall_gay.zip": {
    "sha1": "4dcbe9d845789108cde1d16ec7c0116442696c18",
    "name": "randall_gay.zip",
    "url": "https://s3.amazonaws.com/edrm.download.nuix.com/RevisedEDRMv1/randall_gay.zip",
    "webindex_txt": "File 102",
    "webindex": 102
  },
  "richard_ring.zip": {
    "sha1": "795d0772965f1b7b2ece32b2d0c6a10f60f23db9",
    "name": "richard_ring.zip",
    "url": "https://s3.amazonaws.com/edrm.download.nuix.com/RevisedEDRMv1/richard_ring.zip",
    "webindex_txt": "File 103",
    "webindex": 103
  },
  "richard_sanders.zip": {
    "sha1": "35aa1d8a3c0df78ee6e2798515003e3ff31bc539",
    "name": "richard_sanders.zip",
    "url": "https://s3.amazonaws.com/edrm.download.nuix.com/RevisedEDRMv1/richard_sanders.zip",
    "webindex_txt": "File 104",
    "webindex": 104
  },
  "richard_shapiro.zip": {
    "sha1": "5ca0202c3a5d7d47c6a4ad80b1021cad5dab2fec",
    "name": "richard_shapiro.zip",
    "url": "https://s3.amazonaws.com/edrm.download.nuix.com/RevisedEDRMv1/richard_shapiro.zip",
    "webindex_txt": "File 105",
    "webindex": 105
  },
  "rick_buy.zip": {
    "sha1": "81348e282a4609404ca77b9a499ea3819aecdf23",
    "name": "rick_buy.zip",
    "url": "https://s3.amazonaws.com/edrm.download.nuix.com/RevisedEDRMv1/rick_buy.zip",
    "webindex_txt": "File 106",
    "webindex": 106
  },
  "robert_badeer.zip": {
    "sha1": "f7265d67c9c6328fc80284eb063688564dd50c4c",
    "name": "robert_badeer.zip",
    "url": "https://s3.amazonaws.com/edrm.download.nuix.com/RevisedEDRMv1/robert_badeer.zip",
    "webindex_txt": "File 107",
    "webindex": 107
  },
  "robin_rodrigue.zip": {
    "sha1": "7a4041599a31cb87c689a4dcb0fa521170430960",
    "name": "robin_rodrigue.zip",
    "url": "https://s3.amazonaws.com/edrm.download.nuix.com/RevisedEDRMv1/robin_rodrigue.zip",
    "webindex_txt": "File 108",
    "webindex": 108
  },
  "ryan_slinger.zip": {
    "sha1": "2cf05a147a4e72ef0a54368eabd22e695fe4a99c",
    "name": "ryan_slinger.zip",
    "url": "https://s3.amazonaws.com/edrm.download.nuix.com/RevisedEDRMv1/ryan_slinger.zip",
    "webindex_txt": "File 109",
    "webindex": 109
  },
  "sally_beck.zip": {
    "sha1": "43d786dbc10c472ba8c1e91c7292a94e892954cd",
    "name": "sally_beck.zip",
    "url": "https://s3.amazonaws.com/edrm.download.nuix.com/RevisedEDRMv1/sally_beck.zip",
    "webindex_txt": "File 110",
    "webindex": 110
  },
  "sandra_brawner.zip": {
    "sha1": "4a3281a90ae61f05b06308beedc8aec1ca51f6f3",
    "name": "sandra_brawner.zip",
    "url": "https://s3.amazonaws.com/edrm.download.nuix.com/RevisedEDRMv1/sandra_brawner.zip",
    "webindex_txt": "File 111",
    "webindex": 111
  },
  "sara_shackleton.zip": {
    "sha1": "35064ec6ee3c7a14f6f8b8937843cda806a9a89a",
    "name": "sara_shackleton.zip",
    "url": "https://s3.amazonaws.com/edrm.download.nuix.com/RevisedEDRMv1/sara_shackleton.zip",
    "webindex_txt": "File 112",
    "webindex": 112
  },
  "scott_neal.zip": {
    "sha1": "55d17245b74c630c31649035fe645218255c8bc9",
    "name": "scott_neal.zip",
    "url": "https://s3.amazonaws.com/edrm.download.nuix.com/RevisedEDRMv1/scott_neal.zip",
    "webindex_txt": "File 113",
    "webindex": 113
  },
  "shelley_corman.zip": {
    "sha1": "4d0b4ea89db79d1d3349f7a33f91de71d3f001cb",
    "name": "shelley_corman.zip",
    "url": "https://s3.amazonaws.com/edrm.download.nuix.com/RevisedEDRMv1/shelley_corman.zip",
    "webindex_txt": "File 114",
    "webindex": 114
  },
  "stacey_white.zip": {
    "sha1": "e274b4ee4383abc623168fb1fda5557a71250958",
    "name": "stacey_white.zip",
    "url": "https://s3.amazonaws.com/edrm.download.nuix.com/RevisedEDRMv1/stacey_white.zip",
    "webindex_txt": "File 115",
    "webindex": 115
  },
  "stacy_dickson.zip": {
    "sha1": "3c66d23f284fcf493119b0ce27a11934acb6fe8d",
    "name": "stacy_dickson.zip",
    "url": "https://s3.amazonaws.com/edrm.download.nuix.com/RevisedEDRMv1/stacy_dickson.zip",
    "webindex_txt": "File 116",
    "webindex": 116
  },
  "stephanie_panus.zip": {
    "sha1": "14c81e6e8a8853e592a8719b00813a8112983a74",
    "name": "stephanie_panus.zip",
    "url": "https://s3.amazonaws.com/edrm.download.nuix.com/RevisedEDRMv1/stephanie_panus.zip",
    "webindex_txt": "File 117",
    "webindex": 117
  },
  "steven_harris.zip": {
    "sha1": "458d181e4a4fa6419c015289becea13e69e118c1",
    "name": "steven_harris.zip",
    "url": "https://s3.amazonaws.com/edrm.download.nuix.com/RevisedEDRMv1/steven_harris.zip",
    "webindex_txt": "File 118",
    "webindex": 118
  },
  "steven_merriss.zip": {
    "sha1": "0c771e899777582d30dd838707f16986b164a166",
    "name": "steven_merriss.zip",
    "url": "https://s3.amazonaws.com/edrm.download.nuix.com/RevisedEDRMv1/steven_merriss.zip",
    "webindex_txt": "File 119",
    "webindex": 119
  },
  "steven_p_south.zip": {
    "sha1": "9005e9d2470a05a7ddd23e807d4ec50a7a1b6292",
    "name": "steven_p_south.zip",
    "url": "https://s3.amazonaws.com/edrm.download.nuix.com/RevisedEDRMv1/steven_p_south.zip",
    "webindex_txt": "File 120",
    "webindex": 120
  },
  "susan_bailey.zip": {
    "sha1": "44bcce0a0feeda782b032afe4a0b667d7a18f258",
    "name": "susan_bailey.zip",
    "url": "https://s3.amazonaws.com/edrm.download.nuix.com/RevisedEDRMv1/susan_bailey.zip",
    "webindex_txt": "File 121",
    "webindex": 121
  },
  "susan_pereira.zip": {
    "sha1": "7de5abccee0deb2bd02c0d6890d954675cfa753e",
    "name": "susan_pereira.zip",
    "url": "https://s3.amazonaws.com/edrm.download.nuix.com/RevisedEDRMv1/susan_pereira.zip",
    "webindex_txt": "File 122",
    "webindex": 122
  },
  "teb_lokey.zip": {
    "sha1": "5d1bc53cbd7e5c751f35ffafa7b6e616dff96be8",
    "name": "teb_lokey.zip",
    "url": "https://s3.amazonaws.com/edrm.download.nuix.com/RevisedEDRMv1/teb_lokey.zip",
    "webindex_txt": "File 123",
    "webindex": 123
  },
  "theresa_staab.zip": {
    "sha1": "c94282093351b21ad7f137b85a1e5679bce87dbe",
    "name": "theresa_staab.zip",
    "url": "https://s3.amazonaws.com/edrm.download.nuix.com/RevisedEDRMv1/theresa_staab.zip",
    "webindex_txt": "File 124",
    "webindex": 124
  },
  "thomas_martin.zip": {
    "sha1": "622c40f751e074689fa51e4290d92089ada36975",
    "name": "thomas_martin.zip",
    "url": "https://s3.amazonaws.com/edrm.download.nuix.com/RevisedEDRMv1/thomas_martin.zip",
    "webindex_txt": "File 125",
    "webindex": 125
  },
  "tom_donohoe.zip": {
    "sha1": "603ffd142673caa5fb40169ede69b92ff46ab098",
    "name": "tom_donohoe.zip",
    "url": "https://s3.amazonaws.com/edrm.download.nuix.com/RevisedEDRMv1/tom_donohoe.zip",
    "webindex_txt": "File 126",
    "webindex": 126
  },
  "tori_kuykendall.zip": {
    "sha1": "7389dae426f2ed423564edc1d5d4e73cf1bf2ef1",
    "name": "tori_kuykendall.zip",
    "url": "https://s3.amazonaws.com/edrm.download.nuix.com/RevisedEDRMv1/tori_kuykendall.zip",
    "webindex_txt": "File 127",
    "webindex": 127
  },
  "tracy_geaccone.zip": {
    "sha1": "35fe6f7058eb16f388d569877c5b369864788427",
    "name": "tracy_geaccone.zip",
    "url": "https://s3.amazonaws.com/edrm.download.nuix.com/RevisedEDRMv1/tracy_geaccone.zip",
    "webindex_txt": "File 128",
    "webindex": 128
  },
  "vkaminski.zip": {
    "sha1": "6f415129b2207ca7e50a820890c7d4c276783908",
    "name": "vkaminski.zip",
    "url": "https://s3.amazonaws.com/edrm.download.nuix.com/RevisedEDRMv1/vkaminski.zip",
    "webindex_txt": "File 129",
    "webindex": 129
  },
  "vladi_pimenov.zip": {
    "sha1": "9e8eae1da964da30166d61a9fef313ef69432aa8",
    "name": "vladi_pimenov.zip",
    "url": "https://s3.amazonaws.com/edrm.download.nuix.com/RevisedEDRMv1/vladi_pimenov.zip",
    "webindex_txt": "File 130",
    "webindex": 130
  }
}
